,color,title,width,from,to
0,#3EADA5,1:1,1,A,M
1,#3EADA5,1:1,1,A,Aer Lingus
2,#3EADA5,1:1,1,A,AirFrance
3,#3EADA5,1:1,1,A,KLM
4,#3EADA5,1:1,1,A,Air Canada
5,#3EADA5,1:1,1,A,ANA
6,#3EADA5,1:1,1,A,Lifemiles
7,#3EADA5,1:1,1,A,British
8,#3EADA5,1:1,1,A,Virgin Atlantic
9,#3EADA5,1:1,1,A,AeroMexico
10,#3EADA5,1:1,1,A,CATHAY
11,#3EADA5,1:1,1,A,DELTA
12,#3EADA5,1:1,1,A,Emirates
13,#3EADA5,1:1,1,A,Hawaiian
14,#3EADA5,1:1,1,A,Iberia
15,#3EADA5,1:1,1,A,JetBlue
16,#3EADA5,1:1,1,A,Qantas
17,#3EADA5,1:1,1,A,Qatar
18,#3EADA5,1:1,1,A,Singapore
19,#7D7D7D,1:1,1,B,M
20,#7D7D7D,1:1,1,B,Alaska
21,#7D7D7D,1:1,1,B,American
22,#7D7D7D,1:1,1,B,AirFrance
23,#7D7D7D,1:1,1,B,KLM
24,#7D7D7D,1:1,1,B,Air Canada
25,#7D7D7D,1:1,1,B,United
26,#7D7D7D,1:1,1,B,Virgin Atlantic
27,#7D7D7D,1:1,1,B,Turkish
28,#7D7D7D,1:1,1,B,British
29,#7D7D7D,1:1,1,B,CATHAY
30,#7D7D7D,1:1,1,B,Lifemiles
31,#7D7D7D,1:1,1,B,Iberia
32,#7D7D7D,1:1,1,B,Aer Lingus
33,#7D7D7D,1:1,1,B,Emirates
34,#7D7D7D,1:1,1,B,Hawaiian
35,#E09233,1:1,1,Ci,AeroMexico
36,#E09233,1:1,1,Ci,Lifemiles
37,#E09233,1:1,1,Ci,CATHAY
38,#E09233,1:1,1,Ci,Emirates
39,#E09233,1:1,1,Ci,Etihad
40,#E09233,1:1,1,Ci,EVA
41,#E09233,1:1,1,Ci,AirFrance
42,#E09233,1:1,1,Ci,KLM
43,#E09233,1:1,1,Ci,JetBlue
44,#E09233,1:1,1,Ci,Qantas
45,#E09233,1:1,1,Ci,Qatar
46,#E09233,1:1,1,Ci,Singapore
47,#E09233,1:1,1,Ci,Thai
48,#E09233,1:1,1,Ci,Turkish
49,#E09233,1:1,1,Ci,Virgin Atlantic
50,#4478BC,1:1,1,Ch,M
51,#4478BC,1:1,1,Ch,Aer Lingus
52,#4478BC,1:1,1,Ch,Air Canada
53,#4478BC,1:1,1,Ch,British
54,#4478BC,1:1,1,Ch,AirFrance
55,#4478BC,1:1,1,Ch,KLM
56,#4478BC,1:1,1,Ch,Iberia
57,#4478BC,1:1,1,Ch,Singapore
58,#4478BC,1:1,1,Ch,JetBlue
59,#4478BC,1:1,1,Ch,Southwest
60,#4478BC,1:1,1,Ch,United
61,#4478BC,1:1,1,Ch,Virgin Atlantic
62,#284278,1:1,1,Co,AirFrance
63,#284278,1:1,1,Co,KLM
64,#284278,1:1,1,Co,Virgin Atlantic
65,#284278,1:1,1,Co,AeroMexico
66,#284278,1:1,1,Co,Air Canada
67,#284278,1:1,1,Co,CATHAY
68,#284278,1:1,1,Co,Lifemiles
69,#284278,1:1,1,Co,British
70,#284278,1:1,1,Co,Emirates
71,#284278,1:1,1,Co,Etihad
72,#284278,1:1,1,Co,EVA
73,#284278,1:1,1,Co,FINNAIR
74,#284278,1:1,1,Co,Qantas
75,#284278,1:1,1,Co,TAP
76,#284278,1:1,1,Co,Singapore
77,#284278,1:1,1,Co,Turkish
78,#FFEB98,3:1,1,M,Aegean
79,#FFEB98,3:1,1,M,Aer Lingus
80,#FFEB98,3:1,1,M,AeroMexico
81,#FFEB98,3:1,1,M,Air Canada
82,#FFEB98,3:1,1,M,Air China
83,#FFEB98,3:1,1,M,AirFrance
84,#FFEB98,3:1,1,M,KLM
85,#FFEB98,3:1,1,M,Alaska
86,#FFEB98,3:1,1,M,American
87,#FFEB98,3:1,1,M,ANA
88,#FFEB98,3:1,1,M,ASIANA
89,#FFEB98,3:1,1,M,China Southern
90,#FFEB98,3:1,1,M,Copa
91,#FFEB98,3:1,1,M,DELTA
92,#FFEB98,3:1,1,M,Emirates
93,#FFEB98,3:1,1,M,Etihad
94,#FFEB98,3:1,1,M,FRONTIER
95,#FFEB98,3:1,1,M,Hainan
96,#FFEB98,3:1,1,M,Hawaiian
97,#FFEB98,3:1,1,M,Iberia
98,#FFEB98,3:1,1,M,InterMiles
99,#FFEB98,3:1,1,M,JAL
100,#FFEB98,3:1,1,M,Korean
101,#FFEB98,3:1,1,M,LATAM
102,#FFEB98,3:1,1,M,Qantas
103,#FFEB98,3:1,1,M,Qatar
104,#FFEB98,3:1,1,M,Saudia
105,#FFEB98,3:1,1,M,Singapore
106,#FFEB98,3:1,1,M,Southwest
107,#FFEB98,3:1,1,M,TAP
108,#FFEB98,3:1,1,M,Thai
109,#FFEB98,3:1,1,M,Turkish
110,#FFEB98,3:1,1,M,United
111,#FFEB98,3:1,1,M,Virgin Atlantic
112,#FFEB98,3:1,1,M,Virgin Australia
113,#FFEB98,3:1,1,M,Vueling
114,#AA2D35,1:1,1,W,Lifemiles
115,#AA2D35,1:1,1,W,AirFrance
116,#AA2D35,1:1,1,W,KLM
117,#AA2D35,1:1,1,W,British
118,#AA2D35,1:1,1,W,Iberia
119,#AA2D35,1:1,1,W,Aer Lingus
120,lightgray,,1,Aer Lingus,Vueling
121,lightgray,,1,Aer Lingus,Qatar
122,lightgray,,1,Aer Lingus,Iberia
123,lightgray,,1,Aer Lingus,British
124,lightgray,,1,Aer Lingus,FINNAIR
125,lightgray,,1,Aer Lingus,Alaska
126,lightgray,,1,Aegean,Air Canada
127,lightgray,,1,Aegean,Air China
128,lightgray,,1,Aegean,Air India
129,lightgray,,1,Aegean,Air New Zealand
130,lightgray,,1,Aegean,ANA
131,lightgray,,1,Aegean,ASIANA
132,lightgray,,1,Aegean,Austrian
133,lightgray,,1,Aegean,Lifemiles
134,lightgray,,1,Aegean,Brussels
135,lightgray,,1,Aegean,Copa
136,lightgray,,1,Aegean,CROATIA
137,lightgray,,1,Aegean,EGYPTAIR
138,lightgray,,1,Aegean,Ethiopian
139,lightgray,,1,Aegean,EVA
140,lightgray,,1,Aegean,LOT Polish
141,lightgray,,1,Aegean,Lufthansa
142,lightgray,,1,Aegean,SAS
143,lightgray,,1,Aegean,Shenzhen
144,lightgray,,1,Aegean,Singapore
145,lightgray,,1,Aegean,Swiss
146,lightgray,,1,Aegean,TAP
147,lightgray,,1,Aegean,Thai
148,lightgray,,1,Aegean,Turkish
149,lightgray,,1,Aegean,United
150,lightgray,,1,Air Canada,Air China
151,lightgray,,1,Air Canada,Air India
152,lightgray,,1,Air Canada,Air New Zealand
153,lightgray,,1,Air Canada,ANA
154,lightgray,,1,Air Canada,ASIANA
155,lightgray,,1,Air Canada,Austrian
156,lightgray,,1,Air Canada,Lifemiles
157,lightgray,,1,Air Canada,Brussels
158,lightgray,,1,Air Canada,Copa
159,lightgray,,1,Air Canada,CROATIA
160,lightgray,,1,Air Canada,EGYPTAIR
161,lightgray,,1,Air Canada,Ethiopian
162,lightgray,,1,Air Canada,EVA
163,lightgray,,1,Air Canada,LOT Polish
164,lightgray,,1,Air Canada,Lufthansa
165,lightgray,,1,Air Canada,SAS
166,lightgray,,1,Air Canada,Shenzhen
167,lightgray,,1,Air Canada,Singapore
168,lightgray,,1,Air Canada,Swiss
169,lightgray,,1,Air Canada,TAP
170,lightgray,,1,Air Canada,Thai
171,lightgray,,1,Air Canada,Turkish
172,lightgray,,1,Air Canada,United
173,lightgray,,1,Air Canada,Virgin Australia
174,lightgray,,1,Air Canada,Etihad
175,lightgray,,1,Air China,Air India
176,lightgray,,1,Air China,Air New Zealand
177,lightgray,,1,Air China,ANA
178,lightgray,,1,Air China,ASIANA
179,lightgray,,1,Air China,Austrian
180,lightgray,,1,Air China,Lifemiles
181,lightgray,,1,Air China,Brussels
182,lightgray,,1,Air China,Copa
183,lightgray,,1,Air China,CROATIA
184,lightgray,,1,Air China,EGYPTAIR
185,lightgray,,1,Air China,Ethiopian
186,lightgray,,1,Air China,EVA
187,lightgray,,1,Air China,LOT Polish
188,lightgray,,1,Air China,Lufthansa
189,lightgray,,1,Air China,SAS
190,lightgray,,1,Air China,Shenzhen
191,lightgray,,1,Air China,Singapore
192,lightgray,,1,Air China,Swiss
193,lightgray,,1,Air China,TAP
194,lightgray,,1,Air China,Thai
195,lightgray,,1,Air China,Turkish
196,lightgray,,1,Air China,United
197,lightgray,,1,Air India,Air New Zealand
198,lightgray,,1,Air India,ANA
199,lightgray,,1,Air India,ASIANA
200,lightgray,,1,Air India,Austrian
201,lightgray,,1,Air India,Lifemiles
202,lightgray,,1,Air India,Brussels
203,lightgray,,1,Air India,Copa
204,lightgray,,1,Air India,CROATIA
205,lightgray,,1,Air India,EGYPTAIR
206,lightgray,,1,Air India,Ethiopian
207,lightgray,,1,Air India,EVA
208,lightgray,,1,Air India,LOT Polish
209,lightgray,,1,Air India,Lufthansa
210,lightgray,,1,Air India,SAS
211,lightgray,,1,Air India,Shenzhen
212,lightgray,,1,Air India,Singapore
213,lightgray,,1,Air India,Swiss
214,lightgray,,1,Air India,TAP
215,lightgray,,1,Air India,Thai
216,lightgray,,1,Air India,Turkish
217,lightgray,,1,Air India,United
218,lightgray,,1,Air New Zealand,ANA
219,lightgray,,1,Air New Zealand,ASIANA
220,lightgray,,1,Air New Zealand,Austrian
221,lightgray,,1,Air New Zealand,Lifemiles
222,lightgray,,1,Air New Zealand,Brussels
223,lightgray,,1,Air New Zealand,Copa
224,lightgray,,1,Air New Zealand,CROATIA
225,lightgray,,1,Air New Zealand,EGYPTAIR
226,lightgray,,1,Air New Zealand,Ethiopian
227,lightgray,,1,Air New Zealand,EVA
228,lightgray,,1,Air New Zealand,LOT Polish
229,lightgray,,1,Air New Zealand,Lufthansa
230,lightgray,,1,Air New Zealand,SAS
231,lightgray,,1,Air New Zealand,Shenzhen
232,lightgray,,1,Air New Zealand,Singapore
233,lightgray,,1,Air New Zealand,Swiss
234,lightgray,,1,Air New Zealand,TAP
235,lightgray,,1,Air New Zealand,Thai
236,lightgray,,1,Air New Zealand,Turkish
237,lightgray,,1,Air New Zealand,United
238,lightgray,,1,Air New Zealand,Virgin Atlantic
239,lightgray,,1,Air New Zealand,Etihad
240,lightgray,,1,ANA,ASIANA
241,lightgray,,1,ANA,Austrian
242,lightgray,,1,ANA,Lifemiles
243,lightgray,,1,ANA,Brussels
244,lightgray,,1,ANA,Copa
245,lightgray,,1,ANA,CROATIA
246,lightgray,,1,ANA,EGYPTAIR
247,lightgray,,1,ANA,Ethiopian
248,lightgray,,1,ANA,EVA
249,lightgray,,1,ANA,LOT Polish
250,lightgray,,1,ANA,Lufthansa
251,lightgray,,1,ANA,SAS
252,lightgray,,1,ANA,Shenzhen
253,lightgray,,1,ANA,Singapore
254,lightgray,,1,ANA,Swiss
255,lightgray,,1,ANA,TAP
256,lightgray,,1,ANA,Thai
257,lightgray,,1,ANA,Turkish
258,lightgray,,1,ANA,United
259,lightgray,,1,ANA,Virgin Atlantic
260,lightgray,,1,ANA,Virgin Australia
261,lightgray,,1,ANA,Etihad
262,lightgray,,1,ASIANA,Austrian
263,lightgray,,1,ASIANA,Lifemiles
264,lightgray,,1,ASIANA,Brussels
265,lightgray,,1,ASIANA,Copa
266,lightgray,,1,ASIANA,CROATIA
267,lightgray,,1,ASIANA,EGYPTAIR
268,lightgray,,1,ASIANA,Ethiopian
269,lightgray,,1,ASIANA,EVA
270,lightgray,,1,ASIANA,LOT Polish
271,lightgray,,1,ASIANA,Lufthansa
272,lightgray,,1,ASIANA,SAS
273,lightgray,,1,ASIANA,Shenzhen
274,lightgray,,1,ASIANA,Singapore
275,lightgray,,1,ASIANA,Swiss
276,lightgray,,1,ASIANA,TAP
277,lightgray,,1,ASIANA,Thai
278,lightgray,,1,ASIANA,Turkish
279,lightgray,,1,ASIANA,United
280,lightgray,,1,ASIANA,Etihad
281,lightgray,,1,Austrian,Lifemiles
282,lightgray,,1,Austrian,Brussels
283,lightgray,,1,Austrian,Copa
284,lightgray,,1,Austrian,CROATIA
285,lightgray,,1,Austrian,EGYPTAIR
286,lightgray,,1,Austrian,Ethiopian
287,lightgray,,1,Austrian,EVA
288,lightgray,,1,Austrian,LOT Polish
289,lightgray,,1,Austrian,Lufthansa
290,lightgray,,1,Austrian,SAS
291,lightgray,,1,Austrian,Shenzhen
292,lightgray,,1,Austrian,Singapore
293,lightgray,,1,Austrian,Swiss
294,lightgray,,1,Austrian,TAP
295,lightgray,,1,Austrian,Thai
296,lightgray,,1,Austrian,Turkish
297,lightgray,,1,Austrian,United
298,lightgray,,1,Lifemiles,Brussels
299,lightgray,,1,Lifemiles,Copa
300,lightgray,,1,Lifemiles,CROATIA
301,lightgray,,1,Lifemiles,EGYPTAIR
302,lightgray,,1,Lifemiles,Ethiopian
303,lightgray,,1,Lifemiles,EVA
304,lightgray,,1,Lifemiles,LOT Polish
305,lightgray,,1,Lifemiles,Lufthansa
306,lightgray,,1,Lifemiles,SAS
307,lightgray,,1,Lifemiles,Shenzhen
308,lightgray,,1,Lifemiles,Singapore
309,lightgray,,1,Lifemiles,Swiss
310,lightgray,,1,Lifemiles,TAP
311,lightgray,,1,Lifemiles,Thai
312,lightgray,,1,Lifemiles,Turkish
313,lightgray,,1,Lifemiles,United
314,lightgray,,1,Brussels,Copa
315,lightgray,,1,Brussels,CROATIA
316,lightgray,,1,Brussels,EGYPTAIR
317,lightgray,,1,Brussels,Ethiopian
318,lightgray,,1,Brussels,EVA
319,lightgray,,1,Brussels,LOT Polish
320,lightgray,,1,Brussels,Lufthansa
321,lightgray,,1,Brussels,SAS
322,lightgray,,1,Brussels,Shenzhen
323,lightgray,,1,Brussels,Singapore
324,lightgray,,1,Brussels,Swiss
325,lightgray,,1,Brussels,TAP
326,lightgray,,1,Brussels,Thai
327,lightgray,,1,Brussels,Turkish
328,lightgray,,1,Brussels,United
329,lightgray,,1,Brussels,Etihad
330,lightgray,,1,Copa,CROATIA
331,lightgray,,1,Copa,EGYPTAIR
332,lightgray,,1,Copa,Ethiopian
333,lightgray,,1,Copa,EVA
334,lightgray,,1,Copa,LOT Polish
335,lightgray,,1,Copa,Lufthansa
336,lightgray,,1,Copa,SAS
337,lightgray,,1,Copa,Shenzhen
338,lightgray,,1,Copa,Singapore
339,lightgray,,1,Copa,Swiss
340,lightgray,,1,Copa,TAP
341,lightgray,,1,Copa,Thai
342,lightgray,,1,Copa,Turkish
343,lightgray,,1,Copa,United
344,lightgray,,1,CROATIA,EGYPTAIR
345,lightgray,,1,CROATIA,Ethiopian
346,lightgray,,1,CROATIA,EVA
347,lightgray,,1,CROATIA,LOT Polish
348,lightgray,,1,CROATIA,Lufthansa
349,lightgray,,1,CROATIA,SAS
350,lightgray,,1,CROATIA,Shenzhen
351,lightgray,,1,CROATIA,Singapore
352,lightgray,,1,CROATIA,Swiss
353,lightgray,,1,CROATIA,TAP
354,lightgray,,1,CROATIA,Thai
355,lightgray,,1,CROATIA,Turkish
356,lightgray,,1,CROATIA,United
357,lightgray,,1,EGYPTAIR,Ethiopian
358,lightgray,,1,EGYPTAIR,EVA
359,lightgray,,1,EGYPTAIR,LOT Polish
360,lightgray,,1,EGYPTAIR,Lufthansa
361,lightgray,,1,EGYPTAIR,SAS
362,lightgray,,1,EGYPTAIR,Shenzhen
363,lightgray,,1,EGYPTAIR,Singapore
364,lightgray,,1,EGYPTAIR,Swiss
365,lightgray,,1,EGYPTAIR,TAP
366,lightgray,,1,EGYPTAIR,Thai
367,lightgray,,1,EGYPTAIR,Turkish
368,lightgray,,1,EGYPTAIR,United
369,lightgray,,1,Ethiopian,EVA
370,lightgray,,1,Ethiopian,LOT Polish
371,lightgray,,1,Ethiopian,Lufthansa
372,lightgray,,1,Ethiopian,SAS
373,lightgray,,1,Ethiopian,Shenzhen
374,lightgray,,1,Ethiopian,Singapore
375,lightgray,,1,Ethiopian,Swiss
376,lightgray,,1,Ethiopian,TAP
377,lightgray,,1,Ethiopian,Thai
378,lightgray,,1,Ethiopian,Turkish
379,lightgray,,1,Ethiopian,United
380,lightgray,,1,EVA,LOT Polish
381,lightgray,,1,EVA,Lufthansa
382,lightgray,,1,EVA,SAS
383,lightgray,,1,EVA,Shenzhen
384,lightgray,,1,EVA,Singapore
385,lightgray,,1,EVA,Swiss
386,lightgray,,1,EVA,TAP
387,lightgray,,1,EVA,Thai
388,lightgray,,1,EVA,Turkish
389,lightgray,,1,EVA,United
390,lightgray,,1,LOT Polish,Lufthansa
391,lightgray,,1,LOT Polish,SAS
392,lightgray,,1,LOT Polish,Shenzhen
393,lightgray,,1,LOT Polish,Singapore
394,lightgray,,1,LOT Polish,Swiss
395,lightgray,,1,LOT Polish,TAP
396,lightgray,,1,LOT Polish,Thai
397,lightgray,,1,LOT Polish,Turkish
398,lightgray,,1,LOT Polish,United
399,lightgray,,1,Lufthansa,SAS
400,lightgray,,1,Lufthansa,Shenzhen
401,lightgray,,1,Lufthansa,Singapore
402,lightgray,,1,Lufthansa,Swiss
403,lightgray,,1,Lufthansa,TAP
404,lightgray,,1,Lufthansa,Thai
405,lightgray,,1,Lufthansa,Turkish
406,lightgray,,1,Lufthansa,United
407,lightgray,,1,SAS,Shenzhen
408,lightgray,,1,SAS,Singapore
409,lightgray,,1,SAS,Swiss
410,lightgray,,1,SAS,TAP
411,lightgray,,1,SAS,Thai
412,lightgray,,1,SAS,Turkish
413,lightgray,,1,SAS,United
414,lightgray,,1,SAS,Virgin Atlantic
415,lightgray,,1,SAS,Etihad
416,lightgray,,1,Shenzhen,Singapore
417,lightgray,,1,Shenzhen,Swiss
418,lightgray,,1,Shenzhen,TAP
419,lightgray,,1,Shenzhen,Thai
420,lightgray,,1,Shenzhen,Turkish
421,lightgray,,1,Shenzhen,United
422,lightgray,,1,Singapore,Swiss
423,lightgray,,1,Singapore,TAP
424,lightgray,,1,Singapore,Thai
425,lightgray,,1,Singapore,Turkish
426,lightgray,,1,Singapore,United
427,lightgray,,1,Singapore,Alaska
428,lightgray,,1,Singapore,Virgin Atlantic
429,lightgray,,1,Singapore,Virgin Australia
430,lightgray,,1,Singapore,JetBlue
431,lightgray,,1,Swiss,TAP
432,lightgray,,1,Swiss,Thai
433,lightgray,,1,Swiss,Turkish
434,lightgray,,1,Swiss,United
435,lightgray,,1,TAP,Thai
436,lightgray,,1,TAP,Turkish
437,lightgray,,1,TAP,United
438,lightgray,,1,Thai,Turkish
439,lightgray,,1,Thai,United
440,lightgray,,1,Turkish,United
441,lightgray,,1,United,Virgin Australia
442,lightgray,,1,Alaska,American
443,lightgray,,1,Alaska,British
444,lightgray,,1,Alaska,CATHAY
445,lightgray,,1,Alaska,FINNAIR
446,lightgray,,1,Alaska,Iberia
447,lightgray,,1,Alaska,JAL
448,lightgray,,1,Alaska,Malaysia
449,lightgray,,1,Alaska,Qantas
450,lightgray,,1,Alaska,Qatar
451,lightgray,,1,Alaska,Royal Air Morac
452,lightgray,,1,Alaska,Royal Jordanian
453,lightgray,,1,Alaska,Srilankan
454,lightgray,,1,Alaska,FIJI
455,lightgray,,1,Alaska,OMAN
456,lightgray,,1,Alaska,Air Tahiti Nui
457,lightgray,,1,Alaska,Condor
458,lightgray,,1,Alaska,Israel
459,lightgray,,1,Alaska,Hainan
460,lightgray,,1,Alaska,Icelandair
461,lightgray,,1,Alaska,Korean
462,lightgray,,1,Alaska,LATAM
463,lightgray,,1,Alaska,Ravn Alaska
464,lightgray,,1,Alaska,STARLUX
465,lightgray,,1,American,British
466,lightgray,,1,American,CATHAY
467,lightgray,,1,American,FINNAIR
468,lightgray,,1,American,Iberia
469,lightgray,,1,American,JAL
470,lightgray,,1,American,Malaysia
471,lightgray,,1,American,Qantas
472,lightgray,,1,American,Qatar
473,lightgray,,1,American,Royal Air Morac
474,lightgray,,1,American,Royal Jordanian
475,lightgray,,1,American,Srilankan
476,lightgray,,1,American,FIJI
477,lightgray,,1,American,OMAN
478,lightgray,,1,American,China Southern
479,lightgray,,1,American,Etihad
480,lightgray,,1,British,CATHAY
481,lightgray,,1,British,FINNAIR
482,lightgray,,1,British,Iberia
483,lightgray,,1,British,JAL
484,lightgray,,1,British,Malaysia
485,lightgray,,1,British,Qantas
486,lightgray,,1,British,Qatar
487,lightgray,,1,British,Royal Air Morac
488,lightgray,,1,British,Royal Jordanian
489,lightgray,,1,British,Srilankan
490,lightgray,,1,British,FIJI
491,lightgray,,1,British,OMAN
492,lightgray,,1,British,Vueling
493,lightgray,,1,CATHAY,FINNAIR
494,lightgray,,1,CATHAY,Iberia
495,lightgray,,1,CATHAY,JAL
496,lightgray,,1,CATHAY,Malaysia
497,lightgray,,1,CATHAY,Qantas
498,lightgray,,1,CATHAY,Qatar
499,lightgray,,1,CATHAY,Royal Air Morac
500,lightgray,,1,CATHAY,Royal Jordanian
501,lightgray,,1,CATHAY,Srilankan
502,lightgray,,1,CATHAY,FIJI
503,lightgray,,1,CATHAY,OMAN
504,lightgray,,1,FINNAIR,Iberia
505,lightgray,,1,FINNAIR,JAL
506,lightgray,,1,FINNAIR,Malaysia
507,lightgray,,1,FINNAIR,Qantas
508,lightgray,,1,FINNAIR,Qatar
509,lightgray,,1,FINNAIR,Royal Air Morac
510,lightgray,,1,FINNAIR,Royal Jordanian
511,lightgray,,1,FINNAIR,Srilankan
512,lightgray,,1,FINNAIR,FIJI
513,lightgray,,1,FINNAIR,OMAN
514,lightgray,,1,FINNAIR,Vueling
515,lightgray,,1,Iberia,JAL
516,lightgray,,1,Iberia,Malaysia
517,lightgray,,1,Iberia,Qantas
518,lightgray,,1,Iberia,Qatar
519,lightgray,,1,Iberia,Royal Air Morac
520,lightgray,,1,Iberia,Royal Jordanian
521,lightgray,,1,Iberia,Srilankan
522,lightgray,,1,Iberia,FIJI
523,lightgray,,1,Iberia,OMAN
524,lightgray,,1,Iberia,Vueling
525,lightgray,,1,JAL,Malaysia
526,lightgray,,1,JAL,Qantas
527,lightgray,,1,JAL,Qatar
528,lightgray,,1,JAL,Royal Air Morac
529,lightgray,,1,JAL,Royal Jordanian
530,lightgray,,1,JAL,Srilankan
531,lightgray,,1,JAL,FIJI
532,lightgray,,1,JAL,OMAN
533,lightgray,,1,JAL,S7
534,lightgray,,1,JAL,AirFrance
535,lightgray,,1,JAL,Bangkok
536,lightgray,,1,JAL,China Eastern
537,lightgray,,1,JAL,Emirates
538,lightgray,,1,JAL,Hawaiian
539,lightgray,,1,JAL,Korean
540,lightgray,,1,JAL,LATAM
541,lightgray,,1,JAL,Vistara
542,lightgray,,1,JAL,Jetstar
543,lightgray,,1,Malaysia,Qantas
544,lightgray,,1,Malaysia,Qatar
545,lightgray,,1,Malaysia,Royal Air Morac
546,lightgray,,1,Malaysia,Royal Jordanian
547,lightgray,,1,Malaysia,Srilankan
548,lightgray,,1,Malaysia,FIJI
549,lightgray,,1,Malaysia,OMAN
550,lightgray,,1,Malaysia,Etihad
551,lightgray,,1,Qantas,Qatar
552,lightgray,,1,Qantas,Royal Air Morac
553,lightgray,,1,Qantas,Royal Jordanian
554,lightgray,,1,Qantas,Srilankan
555,lightgray,,1,Qantas,FIJI
556,lightgray,,1,Qantas,OMAN
557,lightgray,,1,Qantas,China Airlines
558,lightgray,,1,Qatar,Royal Air Morac
559,lightgray,,1,Qatar,Royal Jordanian
560,lightgray,,1,Qatar,Srilankan
561,lightgray,,1,Qatar,FIJI
562,lightgray,,1,Qatar,OMAN
563,lightgray,,1,Qatar,Vueling
564,lightgray,,1,Qatar,Virgin Australia
565,lightgray,,1,Qatar,JetBlue
566,lightgray,,1,Royal Air Morac,Royal Jordanian
567,lightgray,,1,Royal Air Morac,Srilankan
568,lightgray,,1,Royal Air Morac,FIJI
569,lightgray,,1,Royal Air Morac,OMAN
570,lightgray,,1,Royal Air Morac,Etihad
571,lightgray,,1,Royal Jordanian,Srilankan
572,lightgray,,1,Royal Jordanian,FIJI
573,lightgray,,1,Royal Jordanian,OMAN
574,lightgray,,1,Srilankan,FIJI
575,lightgray,,1,Srilankan,OMAN
576,lightgray,,1,Srilankan,Etihad
577,lightgray,,1,FIJI,OMAN
578,lightgray,,1,OMAN,Etihad
579,lightgray,,1,AeroArgentina,AeroMexico
580,lightgray,,1,AeroArgentina,AirEuropa
581,lightgray,,1,AeroArgentina,AirFrance
582,lightgray,,1,AeroArgentina,China Airlines
583,lightgray,,1,AeroArgentina,China Eastern
584,lightgray,,1,AeroArgentina,CZECH
585,lightgray,,1,AeroArgentina,DELTA
586,lightgray,,1,AeroArgentina,Garuda
587,lightgray,,1,AeroArgentina,ITA
588,lightgray,,1,AeroArgentina,Kenya
589,lightgray,,1,AeroArgentina,KLM
590,lightgray,,1,AeroArgentina,Korean
591,lightgray,,1,AeroArgentina,MEA
592,lightgray,,1,AeroArgentina,Saudia
593,lightgray,,1,AeroArgentina,TARDM
594,lightgray,,1,AeroArgentina,Vietnam
595,lightgray,,1,AeroArgentina,Virgin Atlantic
596,lightgray,,1,AeroArgentina,XIAMENAIR
597,lightgray,,1,AeroMexico,AirEuropa
598,lightgray,,1,AeroMexico,AirFrance
599,lightgray,,1,AeroMexico,China Airlines
600,lightgray,,1,AeroMexico,China Eastern
601,lightgray,,1,AeroMexico,CZECH
602,lightgray,,1,AeroMexico,DELTA
603,lightgray,,1,AeroMexico,Garuda
604,lightgray,,1,AeroMexico,ITA
605,lightgray,,1,AeroMexico,Kenya
606,lightgray,,1,AeroMexico,KLM
607,lightgray,,1,AeroMexico,Korean
608,lightgray,,1,AeroMexico,MEA
609,lightgray,,1,AeroMexico,Saudia
610,lightgray,,1,AeroMexico,TARDM
611,lightgray,,1,AeroMexico,Vietnam
612,lightgray,,1,AeroMexico,Virgin Atlantic
613,lightgray,,1,AeroMexico,XIAMENAIR
614,lightgray,,1,AirEuropa,AirFrance
615,lightgray,,1,AirEuropa,China Airlines
616,lightgray,,1,AirEuropa,China Eastern
617,lightgray,,1,AirEuropa,CZECH
618,lightgray,,1,AirEuropa,DELTA
619,lightgray,,1,AirEuropa,Garuda
620,lightgray,,1,AirEuropa,ITA
621,lightgray,,1,AirEuropa,Kenya
622,lightgray,,1,AirEuropa,KLM
623,lightgray,,1,AirEuropa,Korean
624,lightgray,,1,AirEuropa,MEA
625,lightgray,,1,AirEuropa,Saudia
626,lightgray,,1,AirEuropa,TARDM
627,lightgray,,1,AirEuropa,Vietnam
628,lightgray,,1,AirEuropa,Virgin Atlantic
629,lightgray,,1,AirEuropa,XIAMENAIR
630,lightgray,,1,AirEuropa,Etihad
631,lightgray,,1,AirFrance,China Airlines
632,lightgray,,1,AirFrance,China Eastern
633,lightgray,,1,AirFrance,CZECH
634,lightgray,,1,AirFrance,DELTA
635,lightgray,,1,AirFrance,Garuda
636,lightgray,,1,AirFrance,ITA
637,lightgray,,1,AirFrance,Kenya
638,lightgray,,1,AirFrance,KLM
639,lightgray,,1,AirFrance,Korean
640,lightgray,,1,AirFrance,MEA
641,lightgray,,1,AirFrance,Saudia
642,lightgray,,1,AirFrance,TARDM
643,lightgray,,1,AirFrance,Vietnam
644,lightgray,,1,AirFrance,Virgin Atlantic
645,lightgray,,1,AirFrance,XIAMENAIR
646,lightgray,,1,AirFrance,China Southern
647,lightgray,,1,AirFrance,Etihad
648,lightgray,,1,China Airlines,China Eastern
649,lightgray,,1,China Airlines,CZECH
650,lightgray,,1,China Airlines,DELTA
651,lightgray,,1,China Airlines,Garuda
652,lightgray,,1,China Airlines,ITA
653,lightgray,,1,China Airlines,Kenya
654,lightgray,,1,China Airlines,KLM
655,lightgray,,1,China Airlines,Korean
656,lightgray,,1,China Airlines,MEA
657,lightgray,,1,China Airlines,Saudia
658,lightgray,,1,China Airlines,TARDM
659,lightgray,,1,China Airlines,Vietnam
660,lightgray,,1,China Airlines,Virgin Atlantic
661,lightgray,,1,China Airlines,XIAMENAIR
662,lightgray,,1,China Airlines,China Southern
663,lightgray,,1,China Eastern,CZECH
664,lightgray,,1,China Eastern,DELTA
665,lightgray,,1,China Eastern,Garuda
666,lightgray,,1,China Eastern,ITA
667,lightgray,,1,China Eastern,Kenya
668,lightgray,,1,China Eastern,KLM
669,lightgray,,1,China Eastern,Korean
670,lightgray,,1,China Eastern,MEA
671,lightgray,,1,China Eastern,Saudia
672,lightgray,,1,China Eastern,TARDM
673,lightgray,,1,China Eastern,Vietnam
674,lightgray,,1,China Eastern,Virgin Atlantic
675,lightgray,,1,China Eastern,XIAMENAIR
676,lightgray,,1,CZECH,DELTA
677,lightgray,,1,CZECH,Garuda
678,lightgray,,1,CZECH,ITA
679,lightgray,,1,CZECH,Kenya
680,lightgray,,1,CZECH,KLM
681,lightgray,,1,CZECH,Korean
682,lightgray,,1,CZECH,MEA
683,lightgray,,1,CZECH,Saudia
684,lightgray,,1,CZECH,TARDM
685,lightgray,,1,CZECH,Vietnam
686,lightgray,,1,CZECH,Virgin Atlantic
687,lightgray,,1,CZECH,XIAMENAIR
688,lightgray,,1,CZECH,China Southern
689,lightgray,,1,DELTA,Garuda
690,lightgray,,1,DELTA,ITA
691,lightgray,,1,DELTA,Kenya
692,lightgray,,1,DELTA,KLM
693,lightgray,,1,DELTA,Korean
694,lightgray,,1,DELTA,MEA
695,lightgray,,1,DELTA,Saudia
696,lightgray,,1,DELTA,TARDM
697,lightgray,,1,DELTA,Vietnam
698,lightgray,,1,DELTA,Virgin Atlantic
699,lightgray,,1,DELTA,XIAMENAIR
700,lightgray,,1,DELTA,China Southern
701,lightgray,,1,Garuda,ITA
702,lightgray,,1,Garuda,Kenya
703,lightgray,,1,Garuda,KLM
704,lightgray,,1,Garuda,Korean
705,lightgray,,1,Garuda,MEA
706,lightgray,,1,Garuda,Saudia
707,lightgray,,1,Garuda,TARDM
708,lightgray,,1,Garuda,Vietnam
709,lightgray,,1,Garuda,Virgin Atlantic
710,lightgray,,1,Garuda,XIAMENAIR
711,lightgray,,1,Garuda,Etihad
712,lightgray,,1,ITA,Kenya
713,lightgray,,1,ITA,KLM
714,lightgray,,1,ITA,Korean
715,lightgray,,1,ITA,MEA
716,lightgray,,1,ITA,Saudia
717,lightgray,,1,ITA,TARDM
718,lightgray,,1,ITA,Vietnam
719,lightgray,,1,ITA,Virgin Atlantic
720,lightgray,,1,ITA,XIAMENAIR
721,lightgray,,1,Kenya,KLM
722,lightgray,,1,Kenya,Korean
723,lightgray,,1,Kenya,MEA
724,lightgray,,1,Kenya,Saudia
725,lightgray,,1,Kenya,TARDM
726,lightgray,,1,Kenya,Vietnam
727,lightgray,,1,Kenya,Virgin Atlantic
728,lightgray,,1,Kenya,XIAMENAIR
729,lightgray,,1,KLM,Korean
730,lightgray,,1,KLM,MEA
731,lightgray,,1,KLM,Saudia
732,lightgray,,1,KLM,TARDM
733,lightgray,,1,KLM,Vietnam
734,lightgray,,1,KLM,Virgin Atlantic
735,lightgray,,1,KLM,XIAMENAIR
736,lightgray,,1,KLM,Etihad
737,lightgray,,1,Korean,MEA
738,lightgray,,1,Korean,Saudia
739,lightgray,,1,Korean,TARDM
740,lightgray,,1,Korean,Vietnam
741,lightgray,,1,Korean,Virgin Atlantic
742,lightgray,,1,Korean,XIAMENAIR
743,lightgray,,1,Korean,China Southern
744,lightgray,,1,Korean,Etihad
745,lightgray,,1,MEA,Saudia
746,lightgray,,1,MEA,TARDM
747,lightgray,,1,MEA,Vietnam
748,lightgray,,1,MEA,Virgin Atlantic
749,lightgray,,1,MEA,XIAMENAIR
750,lightgray,,1,MEA,China Southern
751,lightgray,,1,Saudia,TARDM
752,lightgray,,1,Saudia,Vietnam
753,lightgray,,1,Saudia,Virgin Atlantic
754,lightgray,,1,Saudia,XIAMENAIR
755,lightgray,,1,Saudia,China Southern
756,lightgray,,1,Saudia,Etihad
757,lightgray,,1,TARDM,Vietnam
758,lightgray,,1,TARDM,Virgin Atlantic
759,lightgray,,1,TARDM,XIAMENAIR
760,lightgray,,1,Vietnam,Virgin Atlantic
761,lightgray,,1,Vietnam,XIAMENAIR
762,lightgray,,1,Vietnam,China Southern
763,lightgray,,1,Virgin Atlantic,XIAMENAIR
764,lightgray,,1,Virgin Atlantic,Hawaiian
765,lightgray,,1,Virgin Atlantic,Indigo
766,lightgray,,1,Virgin Atlantic,LATAM
767,lightgray,,1,Virgin Atlantic,South African
768,lightgray,,1,Virgin Atlantic,Virgin Australia
769,lightgray,,1,XIAMENAIR,China Southern
770,lightgray,,1,Israel,Etihad
771,lightgray,,1,Hainan,Virgin Australia
772,lightgray,,1,Hainan,Etihad
773,lightgray,,1,Icelandair,JetBlue
774,lightgray,,1,Hawaiian,Virgin Australia
775,lightgray,,1,Hawaiian,JetBlue
776,lightgray,,1,South African,Virgin Australia
777,lightgray,,1,South African,JetBlue
778,lightgray,,1,Virgin Australia,Etihad
779,lightgray,,1,Virgin Australia,HongKong
780,lightgray,,1,Virgin Australia,Capital
781,lightgray,,1,Virgin Australia,Tianjin
782,lightgray,,1,Virgin Australia,LINK
783,lightgray,,1,Virgin Australia,PELICAN
784,lightgray,,1,Etihad,Air Serbia
785,lightgray,,1,Etihad,Gulf
786,lightgray,,1,Etihad,JetBlue
787,lightgray,,1,JetBlue,JSX
788,lightgray,,1,JetBlue,Silver
789,lightgray,,1,China Southern,AeroFlot
790,lightgray,,1,China Southern,Sichuan
